,gx,gy,gz
0,32323506,5725721,0.0
1,32323498,5725737,82.0
2,32323495,5725744,96.0
3,32323495,5725740,95.0
4,32323497,5725739,91.0
5,32323498,5725738,86.0
6,32323498,5725739,85.0
7,32323499,5725742,81.0
8,32323501,5725748,85.0
9,32323503,5725748,84.0
10,32323505,5725747,79.0
11,32323505,5725747,74.0
12,32323505,5725747,73.0
13,32323505,5725747,70.0
14,32323505,5725747,70.0
15,32323505,5725747,69.0
16,32323505,5725747,70.0
17,32323505,5725747,70.0
18,32323505,5725747,70.0
19,32323505,5725747,70.0
20,32323505,5725748,71.0
21,32323506,5725747,73.0
22,32323508,5725747,71.0
23,32323511,5725745,71.0
24,32323514,5725741,72.0
25,32323516,5725735,72.0
26,32323517,5725729,69.0
27,32323517,5725724,68.0
28,32323511,5725721,68.0
29,32323505,5725716,67.0
30,32323503,5725710,66.0
31,32323505,5725702,67.0
32,32323510,5725695,66.0
33,32323515,5725688,65.0
34,32323502,5725720,0.0
35,32323522,5725678,63.0
36,32323526,5725673,64.0
37,32323530,5725667,64.0
38,32323534,5725661,62.0
39,32323536,5725656,61.0
40,32323539,5725649,61.0
41,32323542,5725645,64.0
42,32323547,5725636,64.0
43,32323552,5725628,64.0
44,32323557,5725622,65.0
45,32323561,5725616,66.0
46,32323564,5725610,69.0
47,32323562,5725603,69.0
48,32323560,5725599,69.0
49,32323555,5725597,69.0
50,32323554,5725597,69.0
51,32323555,5725599,68.0
52,32323556,5725599,67.0
53,32323556,5725600,67.0
54,32323555,5725600,65.0
55,32323555,5725601,65.0
56,32323544,5725589,0.0
57,32323541,5725595,66.0
58,32323537,5725592,67.0
59,32323529,5725587,68.0
60,32323522,5725583,66.0
61,32323517,5725581,66.0
62,32323515,5725579,67.0
63,32323477,5725579,0.0
64,32323507,5725578,67.0
65,32323506,5725578,68.0
66,32323500,5725575,67.0
67,32323493,5725573,68.0
68,32323488,5725573,63.0
69,32323483,5725570,62.0
70,32323478,5725564,64.0
71,32323477,5725558,62.0
72,32323477,5725555,59.0
73,32323477,5725552,58.0
74,32323479,5725547,56.0
75,32323478,5725544,56.0
76,32323477,5725540,56.0
77,32323477,5725535,57.0
78,32323480,5725530,57.0
79,32323484,5725525,59.0
80,32323487,5725519,58.0
81,32323490,5725514,58.0
82,32323493,5725507,57.0
83,32323497,5725502,56.0
84,32323499,5725497,57.0
85,32323501,5725493,57.0
86,32323505,5725487,60.0
87,32323505,5725481,63.0
88,32323502,5725477,65.0
89,32323500,5725475,65.0
90,32323499,5725472,65.0
91,32323496,5725466,66.0
92,32323492,5725461,67.0
93,32323487,5725456,66.0
94,32323485,5725453,67.0
95,32323481,5725448,68.0
96,32323480,5725445,68.0
97,32323476,5725440,67.0
98,32323472,5725436,65.0
99,32323456,5725411,0.0
100,32323464,5725429,64.0
101,32323459,5725426,65.0
102,32323455,5725420,67.0
103,32323451,5725416,65.0
104,32323447,5725413,69.0
105,32323444,5725410,70.0
106,32323441,5725408,68.0
107,32323437,5725404,68.0
108,32323436,5725402,69.0
109,32323437,5725399,66.0
110,32323434,5725399,65.0
111,32323430,5725395,64.0
112,32323426,5725388,65.0
113,32323421,5725383,64.0
114,32323416,5725377,64.0
115,32323410,5725372,63.0
116,32323406,5725369,63.0
117,32323401,5725364,63.0
118,32323396,5725361,63.0
119,32323392,5725359,62.0
120,32323389,5725359,59.0
121,32323385,5725359,59.0
122,32323380,5725358,56.0
123,32323372,5725360,55.0
124,32323365,5725363,56.0
125,32323359,5725362,58.0
126,32323352,5725360,57.0
127,32323348,5725357,57.0
128,32323343,5725352,56.0
129,32323336,5725347,56.0
130,32323329,5725344,56.0
131,32323322,5725339,55.0
132,32323316,5725335,57.0
133,32323312,5725330,57.0
134,32323311,5725325,63.0
135,32323309,5725317,61.0
136,32323312,5725311,62.0
137,32323315,5725304,63.0
138,32323315,5725297,65.0
139,32323312,5725294,61.0
140,32323314,5725284,0.0
141,32323309,5725292,59.0
142,32323308,5725287,59.0
143,32323309,5725279,62.0
144,32323311,5725274,63.0
145,32323312,5725267,62.0
146,32323310,5725262,64.0
147,32323304,5725258,61.0
148,32323300,5725256,60.0
149,32323292,5725255,60.0
150,32323285,5725254,62.0
151,32323279,5725253,62.0
152,32323272,5725252,63.0
153,32323264,5725250,62.0
154,32323260,5725246,62.0
155,32323258,5725242,63.0
156,32323255,5725236,63.0
157,32323253,5725231,63.0
158,32323250,5725228,66.0
159,32323249,5725227,66.0
160,32323248,5725226,67.0
161,32323248,5725225,68.0
162,32323249,5725223,68.0
163,32323248,5725217,68.0
164,32323250,5725212,68.0
165,32323254,5725205,69.0
166,32323257,5725198,70.0
167,32323260,5725192,72.0
168,32323292,5725165,0.0
169,32323269,5725190,73.0
170,32323276,5725192,70.0
171,32323284,5725196,71.0
172,32323292,5725199,71.0
173,32323298,5725202,72.0
174,32323304,5725204,71.0
175,32323312,5725226,0.0
176,32323313,5725206,67.0
177,32323318,5725208,68.0
178,32323324,5725207,70.0
179,32323328,5725204,70.0
180,32323331,5725199,70.0
181,32323332,5725195,68.0
182,32323345,5725187,0.0
183,32323336,5725190,63.0
184,32323340,5725186,63.0
185,32323341,5725185,60.0
186,32323342,5725181,58.0
187,32323346,5725174,61.0
188,32323349,5725170,61.0
189,32323359,5725155,0.0
190,32323354,5725160,61.0
191,32323356,5725156,63.0
192,32323359,5725152,64.0
193,32323364,5725146,64.0
194,32323369,5725139,66.0
195,32323373,5725134,67.0
196,32323391,5725139,0.0
197,32323379,5725126,66.0
198,32323382,5725121,66.0
199,32323386,5725116,66.0
200,32323387,5725111,65.0
201,32323389,5725108,63.0
202,32323393,5725102,63.0
203,32323397,5725096,66.0
204,32323400,5725091,66.0
205,32323404,5725086,66.0
206,32323406,5725083,65.0
207,32323408,5725078,61.0
208,32323411,5725072,61.0
209,32323414,5725066,61.0
210,32323417,5725061,61.0
211,32323419,5725057,62.0
212,32323422,5725049,65.0
213,32323424,5725044,65.0
214,32323429,5725038,66.0
215,32323433,5725032,67.0
216,32323436,5725026,68.0
217,32323439,5725021,67.0
218,32323442,5725017,65.0
219,32323444,5725013,64.0
220,32323447,5725009,64.0
221,32323450,5725004,65.0
222,32323452,5724999,66.0
223,32323454,5724994,66.0
224,32323456,5724991,64.0
225,32323460,5724988,65.0
226,32323465,5724982,66.0
227,32323469,5724976,68.0
228,32323473,5724970,68.0
229,32323475,5724965,68.0
230,32323478,5724958,70.0
231,32323479,5724952,72.0
232,32323482,5724945,74.0
233,32323483,5724940,74.0
234,32323485,5724936,72.0
235,32323486,5724930,71.0
236,32323487,5724925,72.0
237,32323485,5724918,72.0
238,32323482,5724913,72.0
239,32323479,5724907,72.0
240,32323477,5724903,74.0
241,32323475,5724897,73.0
242,32323473,5724892,75.0
243,32323470,5724887,75.0
244,32323466,5724882,77.0
245,32323464,5724877,78.0
246,32323464,5724871,75.0
247,32323463,5724867,76.0
248,32323460,5724863,76.0
249,32323459,5724862,77.0
250,32323459,5724862,77.0
251,32323458,5724859,78.0
252,32323456,5724854,77.0
253,32323454,5724848,77.0
254,32323451,5724844,76.0
255,32323449,5724841,76.0
256,32323445,5724836,78.0
257,32323442,5724831,77.0
258,32323440,5724825,75.0
259,32323438,5724819,77.0
260,32323436,5724813,80.0
261,32323434,5724808,78.0
262,32323434,5724808,77.0
263,32323434,5724807,78.0
264,32323434,5724810,77.0
265,32323434,5724812,78.0
266,32323434,5724812,78.0
267,32323434,5724812,77.0
268,32323433,5724812,78.0
269,32323434,5724812,78.0
270,32323434,5724812,78.0
271,32323433,5724811,76.0
272,32323433,5724809,76.0
273,32323434,5724806,76.0
274,32323433,5724805,76.0
275,32323432,5724805,76.0
276,32323431,5724804,76.0
277,32323431,5724803,77.0
278,32323430,5724801,77.0
279,32323429,5724798,77.0
280,32323429,5724794,77.0
281,32323428,5724789,78.0
282,32323426,5724784,80.0
283,32323425,5724780,78.0
284,32323424,5724778,78.0
285,32323423,5724774,78.0
286,32323422,5724770,80.0
287,32323421,5724766,78.0
288,32323419,5724763,77.0
289,32323418,5724758,77.0
290,32323418,5724754,78.0
291,32323418,5724750,79.0
292,32323417,5724748,77.0
293,32323417,5724745,75.0
294,32323417,5724744,76.0
295,32323417,5724742,77.0
296,32323417,5724741,78.0
297,32323417,5724741,78.0
298,32323417,5724739,78.0
299,32323416,5724734,80.0
300,32323417,5724730,81.0
301,32323416,5724728,77.0
302,32323416,5724726,77.0
303,32323415,5724722,76.0
304,32323412,5724720,76.0
305,32323409,5724715,79.0
306,32323407,5724710,80.0
307,32323406,5724706,82.0
308,32323403,5724701,82.0
309,32323400,5724697,80.0
310,32323399,5724693,79.0
311,32323396,5724688,79.0
312,32323395,5724684,79.0
313,32323393,5724680,78.0
314,32323392,5724677,78.0
315,32323392,5724674,78.0
316,32323391,5724669,78.0
317,32323391,5724664,79.0
318,32323391,5724660,81.0
319,32323391,5724655,82.0
320,32323391,5724649,82.0
321,32323390,5724644,81.0
322,32323388,5724639,80.0
323,32323387,5724633,82.0
324,32323387,5724628,84.0
325,32323387,5724623,86.0
326,32323386,5724618,87.0
327,32323386,5724614,89.0
328,32323385,5724610,87.0
329,32323385,5724608,89.0
330,32323385,5724604,93.0
331,32323387,5724599,95.0
332,32323389,5724594,96.0
333,32323390,5724592,96.0
334,32323390,5724591,97.0
335,32323390,5724591,100.0
336,32323390,5724590,101.0
337,32323390,5724590,102.0
338,32323391,5724590,102.0
339,32323391,5724590,102.0
340,32323391,5724590,102.0
341,32323391,5724590,102.0
342,32323391,5724590,102.0
343,32323391,5724590,102.0
344,32323391,5724590,101.0
345,32323391,5724591,100.0
346,32323390,5724592,97.0
347,32323388,5724592,96.0
348,32323387,5724593,94.0
349,32323385,5724592,91.0
350,32323384,5724590,91.0
351,32323382,5724587,91.0
352,32323379,5724585,90.0
353,32323377,5724581,88.0
354,32323374,5724578,83.0
355,32323371,5724575,81.0
356,32323367,5724570,81.0
357,32323364,5724567,84.0
358,32323362,5724562,84.0
359,32323360,5724557,86.0
360,32323356,5724552,84.0
361,32323356,5724549,82.0
362,32323354,5724546,80.0
363,32323351,5724543,79.0
364,32323349,5724538,81.0
365,32323347,5724534,81.0
366,32323342,5724529,81.0
367,32323339,5724525,85.0
368,32323338,5724521,84.0
369,32323339,5724514,85.0
370,32323341,5724507,86.0
371,32323343,5724499,88.0
372,32323345,5724492,90.0
373,32323347,5724482,94.0
374,32323348,5724475,96.0
375,32323349,5724467,100.0
376,32323349,5724462,101.0
377,32323348,5724454,102.0
378,32323347,5724446,102.0
379,32323345,5724439,103.0
380,32323343,5724432,108.0
381,32323341,5724425,106.0
382,32323339,5724421,106.0
383,32323336,5724414,104.0
384,32323331,5724408,101.0
385,32323328,5724402,97.0
386,32323325,5724396,95.0
387,32323321,5724388,94.0
388,32323316,5724379,95.0
389,32323314,5724376,95.0
390,32323312,5724372,97.0
391,32323311,5724369,97.0
392,32323307,5724365,96.0
393,32323301,5724362,91.0
394,32323293,5724359,91.0
395,32323283,5724354,92.0
396,32323275,5724347,92.0
397,32323269,5724344,93.0
398,32323264,5724346,92.0
399,32323258,5724344,80.0
400,32323250,5724342,86.0
401,32323240,5724338,89.0
402,32323233,5724335,92.0
403,32323222,5724330,93.0
404,32323213,5724326,93.0
405,32323208,5724322,95.0
406,32323199,5724316,99.0
407,32323194,5724313,100.0
408,32323187,5724309,99.0
409,32323181,5724305,97.0
410,32323177,5724303,98.0
411,32323172,5724298,99.0
412,32323167,5724295,99.0
413,32323163,5724294,100.0
414,32323159,5724292,101.0
415,32323152,5724288,104.0
416,32323147,5724285,105.0
417,32323143,5724282,104.0
418,32323138,5724276,105.0
419,32323134,5724272,107.0
420,32323129,5724269,111.0
421,32323124,5724264,113.0
422,32323118,5724260,112.0
423,32323113,5724256,112.0
424,32323109,5724253,112.0
425,32323107,5724250,112.0
426,32323104,5724246,109.0
427,32323097,5724243,109.0
428,32323090,5724237,107.0
429,32323083,5724232,103.0
430,32323077,5724227,102.0
431,32323069,5724221,102.0
432,32323063,5724215,102.0
433,32323059,5724212,101.0
434,32323052,5724207,102.0
435,32323047,5724205,104.0
436,32323041,5724201,105.0
437,32323037,5724199,104.0
438,32323033,5724195,104.0
439,32323026,5724189,107.0
440,32323020,5724184,103.0
441,32323012,5724178,104.0
442,32323007,5724174,97.0
443,32323003,5724171,97.0
444,32322996,5724166,97.0
445,32322991,5724161,97.0
446,32322988,5724156,100.0
447,32322983,5724152,102.0
448,32322979,5724148,103.0
449,32322974,5724141,103.0
450,32322970,5724136,105.0
451,32322968,5724133,107.0
452,32322964,5724129,107.0
453,32322958,5724123,108.0
454,32322950,5724118,108.0
455,32322943,5724112,108.0
456,32322937,5724106,109.0
457,32322931,5724098,109.0
458,32322923,5724090,109.0
459,32322918,5724083,106.0
460,32322911,5724078,108.0
461,32322907,5724074,108.0
462,32322905,5724073,104.0
463,32322900,5724068,104.0
464,32322896,5724064,105.0
465,32322889,5724057,103.0
466,32322882,5724049,103.0
467,32322878,5724042,103.0
468,32322875,5724038,101.0
469,32322871,5724031,101.0
470,32322868,5724026,101.0
471,32322866,5724021,102.0
472,32322866,5724016,101.0
473,32322866,5724011,102.0
474,32322865,5724003,103.0
475,32322866,5723997,105.0
476,32322866,5723991,106.0
477,32322867,5723988,107.0
478,32322870,5723984,107.0
479,32322872,5723982,108.0
480,32322877,5723983,106.0
481,32322880,5723981,104.0
482,32322885,5723980,103.0
483,32322890,5723979,99.0
484,32322897,5723979,97.0
485,32322904,5723981,96.0
486,32322913,5723981,97.0
487,32322923,5723979,100.0
488,32322931,5723982,101.0
489,32322939,5723984,101.0
490,32322946,5723987,104.0
491,32322953,5723990,107.0
492,32322957,5723993,103.0
493,32322961,5723995,103.0
494,32322967,5723998,103.0
495,32322970,5723997,104.0
496,32322970,5723991,105.0
497,32322971,5723988,106.0
498,32322969,5723985,100.0
499,32322966,5723980,101.0
500,32322966,5723978,101.0
501,32322966,5723974,100.0
502,32322961,5723970,101.0
503,32322956,5723964,101.0
504,32322952,5723958,100.0
505,32322946,5723949,103.0
506,32322943,5723946,103.0
507,32322942,5723941,100.0
508,32322941,5723938,102.0
509,32322939,5723932,98.0
510,32322935,5723924,99.0
511,32322933,5723918,99.0
512,32322932,5723908,97.0
513,32322932,5723900,96.0
514,32322932,5723894,92.0
515,32322930,5723891,91.0
516,32322925,5723886,91.0
517,32322921,5723881,91.0
518,32322919,5723874,90.0
519,32322919,5723870,89.0
520,32322919,5723865,90.0
521,32322919,5723860,91.0
522,32322919,5723851,91.0
523,32322919,5723847,90.0
524,32322920,5723843,91.0
525,32322922,5723837,89.0
526,32322922,5723830,87.0
527,32322921,5723820,86.0
528,32322921,5723812,86.0
529,32322922,5723801,87.0
530,32322921,5723797,83.0
531,32322920,5723793,84.0
532,32322922,5723786,84.0
533,32322927,5723777,84.0
534,32322932,5723766,87.0
535,32322935,5723757,89.0
536,32322937,5723750,89.0
537,32322940,5723744,90.0
538,32322945,5723735,90.0
539,32322949,5723728,91.0
540,32322952,5723724,92.0
541,32322952,5723719,93.0
542,32322955,5723714,92.0
543,32322959,5723711,96.0
544,32322960,5723710,97.0
545,32322961,5723707,98.0
546,32322963,5723705,100.0
547,32322965,5723700,99.0
548,32322970,5723694,102.0
549,32322975,5723688,101.0
550,32322978,5723685,101.0
551,32322984,5723681,101.0
552,32322991,5723676,100.0
553,32322995,5723672,99.0
554,32323001,5723668,99.0
555,32323004,5723662,100.0
556,32323007,5723656,101.0
557,32323010,5723650,101.0
558,32323012,5723643,98.0
559,32323013,5723639,98.0
560,32323018,5723631,99.0
561,32323021,5723622,102.0
562,32323024,5723614,103.0
563,32323027,5723607,104.0
564,32323028,5723603,104.0
565,32323029,5723599,106.0
566,32323027,5723596,105.0
567,32323024,5723590,99.0
568,32323022,5723583,99.0
569,32323020,5723575,99.0
570,32323019,5723564,98.0
571,32323018,5723555,99.0
572,32323016,5723549,98.0
573,32323017,5723540,97.0
574,32323018,5723535,98.0
575,32323020,5723529,100.0
576,32323025,5723521,100.0
577,32323030,5723515,100.0
578,32323036,5723511,101.0
579,32323044,5723507,102.0
580,32323051,5723505,101.0
581,32323058,5723507,101.0
582,32323064,5723510,99.0
583,32323070,5723511,99.0
584,32323076,5723510,98.0
585,32323080,5723510,100.0
586,32323087,5723511,97.0
587,32323091,5723513,98.0
588,32323095,5723515,99.0
589,32323098,5723515,97.0
590,32323107,5723514,95.0
591,32323116,5723514,97.0
592,32323123,5723513,97.0
593,32323132,5723511,105.0
594,32323136,5723510,103.0
595,32323145,5723508,100.0
596,32323150,5723507,100.0
597,32323157,5723508,96.0
598,32323163,5723508,97.0
599,32323167,5723506,96.0
600,32323173,5723506,95.0
601,32323180,5723504,93.0
602,32323188,5723502,92.0
603,32323192,5723498,93.0
604,32323201,5723495,93.0
605,32323211,5723491,95.0
606,32323219,5723486,96.0
607,32323226,5723481,97.0
608,32323234,5723473,94.0
609,32323239,5723468,92.0
610,32323247,5723460,95.0
611,32323252,5723454,98.0
612,32323257,5723448,100.0
613,32323261,5723441,100.0
614,32323265,5723436,98.0
615,32323266,5723435,96.0
616,32323267,5723434,94.0
617,32323268,5723434,93.0
618,32323268,5723434,93.0
619,32323268,5723434,94.0
620,32323269,5723433,91.0
621,32323269,5723431,90.0
622,32323273,5723425,92.0
623,32323277,5723421,91.0
624,32323281,5723416,90.0
625,32323284,5723414,89.0
626,32323290,5723412,86.0
627,32323293,5723408,84.0
628,32323296,5723405,81.0
629,32323301,5723401,82.0
630,32323306,5723397,80.0
631,32323313,5723394,78.0
632,32323317,5723392,76.0
633,32323321,5723390,72.0
634,32323326,5723390,70.0
635,32323333,5723390,68.0
636,32323342,5723388,67.0
637,32323351,5723385,67.0
638,32323354,5723385,67.0
639,32323360,5723384,67.0
640,32323370,5723381,73.0
641,32323378,5723381,73.0
642,32323385,5723382,72.0
643,32323389,5723384,70.0
644,32323394,5723385,72.0
645,32323398,5723384,73.0
646,32323401,5723382,74.0
647,32323403,5723381,78.0
648,32323407,5723379,79.0
649,32323408,5723377,81.0
650,32323409,5723374,84.0
651,32323409,5723373,85.0
652,32323408,5723371,88.0
653,32323409,5723369,93.0
654,32323409,5723369,94.0
655,32323409,5723368,96.0
656,32323409,5723368,97.0
657,32323409,5723368,99.0
658,32323411,5723371,94.0
659,32323410,5723373,80.0
660,32323411,5723373,84.0
661,32323411,5723373,88.0
662,32323411,5723373,90.0
663,32323411,5723373,91.0
664,32323411,5723373,91.0
665,32323412,5723374,93.0
666,32323415,5723374,94.0
667,32323416,5723374,93.0
668,32323417,5723372,87.0
669,32323416,5723370,88.0
670,32323418,5723368,83.0
671,32323421,5723365,81.0
672,32323423,5723363,78.0
673,32323425,5723360,69.0
674,32323428,5723356,74.0
675,32323431,5723352,79.0
676,32323433,5723349,81.0
677,32323435,5723345,78.0
678,32323437,5723343,77.0
679,32323441,5723342,76.0
680,32323444,5723339,73.0
681,32323445,5723336,74.0
682,32323447,5723332,74.0
683,32323449,5723327,77.0
684,32323451,5723324,80.0
685,32323455,5723319,81.0
686,32323457,5723315,82.0
687,32323460,5723311,83.0
688,32323462,5723308,82.0
689,32323464,5723305,83.0
690,32323466,5723301,86.0
691,32323466,5723297,87.0
692,32323465,5723295,89.0
693,32323464,5723294,90.0
694,32323463,5723291,92.0
695,32323462,5723288,96.0
696,32323461,5723285,98.0
697,32323459,5723284,98.0
698,32323456,5723282,97.0
699,32323455,5723280,98.0
700,32323455,5723277,94.0
701,32323454,5723273,93.0
702,32323452,5723270,89.0
703,32323450,5723269,84.0
704,32323449,5723266,84.0
705,32323447,5723262,82.0
706,32323445,5723259,83.0
707,32323445,5723256,85.0
708,32323444,5723254,87.0
709,32323441,5723251,88.0
710,32323440,5723249,89.0
711,32323439,5723245,90.0
712,32323438,5723244,86.0
713,32323438,5723243,88.0
714,32323437,5723240,86.0
715,32323436,5723238,83.0
716,32323433,5723234,84.0
717,32323430,5723232,84.0
718,32323428,5723231,85.0
719,32323426,5723230,86.0
720,32323422,5723226,90.0
721,32323419,5723222,91.0
722,32323418,5723218,91.0
723,32323416,5723213,90.0
724,32323413,5723209,92.0
725,32323408,5723207,89.0
726,32323404,5723207,91.0
727,32323399,5723205,90.0
728,32323395,5723206,90.0
729,32323391,5723204,87.0
730,32323390,5723201,83.0
731,32323389,5723198,82.0
732,32323389,5723194,84.0
733,32323389,5723192,84.0
734,32323389,5723189,85.0
735,32323391,5723186,83.0
736,32323393,5723182,84.0
737,32323395,5723180,84.0
738,32323396,5723178,82.0
739,32323397,5723176,80.0
740,32323400,5723174,78.0
741,32323404,5723171,71.0
742,32323407,5723168,68.0
743,32323410,5723165,67.0
744,32323411,5723163,67.0
745,32323411,5723161,64.0
746,32323413,5723158,61.0
747,32323414,5723156,60.0
748,32323414,5723152,63.0
749,32323415,5723146,66.0
750,32323417,5723141,67.0
751,32323419,5723136,71.0
752,32323420,5723132,72.0
753,32323422,5723129,74.0
754,32323423,5723126,75.0
755,32323425,5723124,78.0
756,32323427,5723125,75.0
757,32323430,5723125,74.0
758,32323435,5723122,75.0
759,32323440,5723119,78.0
760,32323443,5723117,78.0
761,32323446,5723116,77.0
762,32323448,5723115,76.0
763,32323453,5723113,77.0
764,32323455,5723110,77.0
765,32323458,5723108,75.0
766,32323462,5723105,75.0
767,32323466,5723101,75.0
768,32323469,5723099,73.0
769,32323471,5723098,71.0
770,32323476,5723093,75.0
771,32323477,5723090,76.0
772,32323478,5723088,77.0
773,32323480,5723088,75.0
774,32323483,5723084,75.0
775,32323485,5723082,74.0
776,32323488,5723079,72.0
777,32323491,5723078,72.0
778,32323493,5723077,72.0
779,32323495,5723077,71.0
780,32323500,5723073,74.0
781,32323504,5723071,73.0
782,32323510,5723068,74.0
783,32323514,5723066,75.0
784,32323519,5723064,76.0
785,32323523,5723062,76.0
786,32323525,5723060,78.0
787,32323528,5723060,77.0
788,32323527,5723060,75.0
789,32323525,5723061,75.0
790,32323522,5723063,71.0
791,32323519,5723067,65.0
792,32323518,5723071,64.0
793,32323518,5723075,67.0
794,32323515,5723078,68.0
795,32323513,5723082,66.0
796,32323511,5723087,65.0
797,32323511,5723091,65.0
798,32323511,5723095,60.0
799,32323510,5723099,61.0
800,32323509,5723103,60.0
801,32323508,5723106,60.0
802,32323506,5723109,62.0
803,32323502,5723114,68.0
804,32323499,5723118,71.0
805,32323496,5723120,69.0
806,32323494,5723121,68.0
807,32323491,5723122,75.0
808,32323488,5723124,77.0
809,32323485,5723127,78.0
810,32323483,5723131,77.0
811,32323480,5723134,78.0
812,32323479,5723136,78.0
813,32323478,5723138,77.0
814,32323476,5723140,76.0
815,32323474,5723144,73.0
816,32323473,5723148,73.0
817,32323471,5723153,72.0
818,32323468,5723156,72.0
819,32323468,5723156,71.0
820,32323466,5723159,72.0
821,32323465,5723162,72.0
822,32323465,5723166,72.0
823,32323462,5723171,76.0
824,32323459,5723176,81.0
825,32323457,5723181,83.0
826,32323456,5723186,85.0
827,32323455,5723187,82.0
828,32323455,5723189,81.0
829,32323454,5723192,84.0
830,32323455,5723194,86.0
831,32323456,5723198,84.0
832,32323457,5723202,83.0
833,32323458,5723206,84.0
834,32323458,5723210,85.0
835,32323457,5723216,85.0
836,32323458,5723217,83.0
837,32323458,5723218,87.0
838,32323458,5723219,90.0
839,32323459,5723220,91.0
840,32323459,5723221,91.0
841,32323459,5723222,91.0
842,32323459,5723222,91.0
843,32323459,5723222,91.0
844,32323459,5723222,91.0
845,32323458,5723222,89.0
846,32323455,5723222,85.0
847,32323454,5723225,86.0
848,32323452,5723228,87.0
849,32323452,5723230,87.0
850,32323452,5723232,88.0
851,32323451,5723237,91.0
852,32323451,5723240,91.0
853,32323451,5723242,90.0
854,32323452,5723243,91.0
855,32323451,5723244,92.0
856,32323452,5723246,87.0
857,32323453,5723249,90.0
858,32323454,5723250,88.0
859,32323455,5723254,83.0
860,32323454,5723258,82.0
861,32323454,5723260,84.0
862,32323454,5723261,82.0
863,32323454,5723265,79.0
864,32323453,5723269,77.0
865,32323451,5723275,75.0
866,32323450,5723279,76.0
867,32323449,5723281,78.0
868,32323449,5723283,79.0
869,32323449,5723284,79.0
870,32323449,5723285,79.0
871,32323449,5723286,84.0
872,32323450,5723288,82.0
873,32323452,5723290,83.0
874,32323452,5723291,85.0
875,32323454,5723298,79.0
876,32323456,5723300,78.0
877,32323460,5723302,78.0
878,32323462,5723308,78.0
879,32323462,5723309,78.0
880,32323463,5723309,79.0
881,32323464,5723312,78.0
882,32323463,5723317,83.0
883,32323465,5723319,85.0
884,32323468,5723319,84.0
885,32323471,5723322,85.0
886,32323474,5723324,84.0
887,32323477,5723331,84.0
888,32323481,5723333,86.0
889,32323482,5723335,89.0
890,32323484,5723337,89.0
891,32323487,5723340,88.0
892,32323487,5723343,90.0
893,32323489,5723346,87.0
894,32323492,5723350,86.0
895,32323494,5723353,88.0
896,32323494,5723354,88.0
897,32323495,5723356,90.0
898,32323496,5723357,90.0
899,32323496,5723358,89.0
900,32323496,5723358,89.0
901,32323496,5723358,90.0
902,32323497,5723359,93.0
903,32323499,5723358,97.0
904,32323500,5723358,97.0
905,32323500,5723357,97.0
906,32323498,5723358,96.0
907,32323497,5723359,97.0
908,32323496,5723359,97.0
909,32323496,5723359,97.0
910,32323496,5723360,97.0
911,32323496,5723359,97.0
912,32323497,5723361,98.0
913,32323497,5723366,96.0
914,32323498,5723369,97.0
915,32323499,5723371,99.0
916,32323500,5723371,100.0
917,32323504,5723372,102.0
918,32323506,5723375,100.0
919,32323508,5723378,100.0
920,32323509,5723381,99.0
921,32323510,5723383,99.0
922,32323511,5723385,103.0
923,32323512,5723386,103.0
924,32323513,5723389,99.0
925,32323514,5723392,98.0
926,32323515,5723395,93.0
927,32323516,5723399,93.0
928,32323516,5723401,90.0
929,32323518,5723401,85.0
930,32323517,5723405,85.0
931,32323515,5723406,84.0
932,32323515,5723409,85.0
933,32323515,5723412,86.0
934,32323513,5723414,86.0
935,32323511,5723415,86.0
936,32323509,5723416,87.0
937,32323507,5723417,88.0
938,32323505,5723415,89.0
939,32323501,5723415,89.0
940,32323497,5723416,93.0
941,32323494,5723416,95.0
942,32323490,5723415,95.0
943,32323489,5723415,95.0
944,32323488,5723414,96.0
945,32323486,5723415,92.0
946,32323483,5723413,93.0
947,32323479,5723412,94.0
948,32323474,5723411,94.0
949,32323468,5723410,97.0
950,32323464,5723405,101.0
951,32323460,5723400,102.0
952,32323456,5723397,102.0
953,32323451,5723396,99.0
954,32323447,5723394,95.0
955,32323445,5723394,93.0
956,32323443,5723394,91.0
957,32323440,5723390,91.0
958,32323436,5723388,91.0
959,32323434,5723384,92.0
960,32323431,5723385,93.0
961,32323428,5723382,93.0
962,32323426,5723381,92.0
963,32323424,5723379,93.0
964,32323423,5723377,93.0
965,32323421,5723376,94.0
966,32323421,5723375,93.0
967,32323422,5723372,96.0
968,32323423,5723370,98.0
969,32323423,5723369,99.0
970,32323423,5723368,99.0
971,32323421,5723367,98.0
972,32323420,5723368,95.0
973,32323418,5723368,95.0
974,32323417,5723366,95.0
975,32323418,5723362,93.0
976,32323414,5723360,93.0
977,32323407,5723355,93.0
978,32323402,5723348,94.0
979,32323398,5723343,94.0
980,32323394,5723340,96.0
981,32323389,5723335,98.0
982,32323383,5723328,100.0
983,32323378,5723320,102.0
984,32323372,5723311,103.0
985,32323366,5723304,103.0
986,32323362,5723297,103.0
987,32323358,5723291,99.0
988,32323354,5723286,95.0
989,32323347,5723282,96.0
990,32323339,5723278,94.0
991,32323333,5723279,94.0
992,32323327,5723282,97.0
993,32323320,5723283,96.0
994,32323314,5723283,93.0
995,32323308,5723285,90.0
996,32323300,5723287,87.0
997,32323290,5723289,85.0
998,32323283,5723291,88.0
999,32323277,5723296,90.0
1000,32323269,5723300,92.0
1001,32323262,5723302,90.0
1002,32323254,5723305,90.0
1003,32323249,5723311,92.0
1004,32323245,5723315,91.0
1005,32323241,5723320,92.0
1006,32323237,5723323,91.0
1007,32323232,5723326,88.0
1008,32323227,5723329,88.0
1009,32323222,5723331,88.0
1010,32323215,5723333,88.0
1011,32323208,5723335,88.0
1012,32323202,5723339,90.0
1013,32323197,5723345,92.0
1014,32323193,5723350,92.0
1015,32323188,5723353,94.0
1016,32323184,5723360,94.0
1017,32323182,5723366,93.0
1018,32323180,5723370,93.0
1019,32323179,5723374,93.0
1020,32323174,5723376,91.0
1021,32323171,5723382,92.0
1022,32323169,5723387,93.0
1023,32323168,5723392,91.0
1024,32323167,5723394,88.0
1025,32323165,5723397,82.0
1026,32323163,5723400,82.0
1027,32323157,5723402,82.0
1028,32323152,5723406,83.0
1029,32323145,5723412,84.0
1030,32323142,5723415,87.0
1031,32323137,5723418,85.0
1032,32323134,5723421,87.0
1033,32323128,5723426,88.0
1034,32323124,5723431,90.0
1035,32323118,5723434,91.0
1036,32323115,5723436,89.0
1037,32323117,5723434,85.0
1038,32323116,5723433,86.0
1039,32323115,5723433,86.0
1040,32323114,5723433,88.0
1041,32323113,5723433,89.0
1042,32323111,5723436,89.0
1043,32323107,5723437,89.0
1044,32323104,5723438,88.0
1045,32323098,5723440,88.0
1046,32323095,5723441,89.0
1047,32323090,5723446,89.0
1048,32323086,5723449,89.0
1049,32323079,5723452,87.0
1050,32323069,5723453,86.0
1051,32323058,5723453,85.0
1052,32323052,5723454,86.0
1053,32323043,5723454,90.0
1054,32323039,5723455,89.0
1055,32323037,5723459,89.0
1056,32323033,5723463,88.0
1057,32323028,5723464,83.0
1058,32323023,5723465,82.0
1059,32323016,5723465,81.0
1060,32323009,5723469,83.0
1061,32323003,5723471,82.0
1062,32322997,5723476,81.0
1063,32322988,5723479,84.0
1064,32322982,5723482,84.0
1065,32322976,5723486,81.0
1066,32322970,5723488,82.0
1067,32322964,5723491,80.0
1068,32322957,5723494,82.0
1069,32322954,5723494,85.0
1070,32322953,5723493,87.0
1071,32322952,5723492,86.0
1072,32322951,5723492,86.0
1073,32322949,5723493,84.0
1074,32322945,5723497,80.0
1075,32322940,5723500,81.0
1076,32322934,5723501,80.0
1077,32322929,5723503,80.0
1078,32322925,5723506,78.0
1079,32322919,5723510,79.0
1080,32322914,5723514,81.0
1081,32322909,5723518,80.0
1082,32322904,5723520,80.0
1083,32322900,5723524,81.0
1084,32322896,5723529,82.0
1085,32322891,5723532,84.0
1086,32322886,5723535,86.0
1087,32322882,5723539,79.0
1088,32322878,5723543,76.0
1089,32322873,5723546,79.0
1090,32322867,5723552,80.0
1091,32322862,5723556,81.0
1092,32322858,5723559,81.0
1093,32322852,5723561,83.0
1094,32322848,5723564,80.0
1095,32322845,5723567,80.0
1096,32322842,5723567,80.0
1097,32322839,5723567,80.0
1098,32322838,5723567,79.0
1099,32322837,5723567,79.0
1100,32322837,5723567,80.0
1101,32322833,5723568,86.0
1102,32322826,5723568,89.0
1103,32322823,5723570,91.0
1104,32322818,5723573,94.0
1105,32322816,5723573,96.0
1106,32322816,5723571,95.0
1107,32322815,5723569,96.0
1108,32322815,5723569,94.0
1109,32322816,5723569,92.0
1110,32322816,5723571,92.0
1111,32322814,5723573,78.0
1112,32322809,5723577,85.0
1113,32322805,5723580,86.0
1114,32322802,5723586,88.0
1115,32322797,5723590,87.0
1116,32322794,5723596,90.0
1117,32322793,5723600,87.0
1118,32322788,5723604,86.0
1119,32322782,5723607,86.0
1120,32322778,5723609,85.0
1121,32322777,5723607,86.0
1122,32322776,5723605,87.0
1123,32322776,5723604,89.0
1124,32322774,5723605,89.0
1125,32322772,5723610,82.0
1126,32322768,5723612,81.0
1127,32322766,5723617,85.0
1128,32322763,5723623,83.0
1129,32322760,5723629,81.0
1130,32322757,5723635,79.0
1131,32322751,5723640,79.0
1132,32322746,5723646,79.0
1133,32322742,5723650,76.0
1134,32322740,5723656,73.0
1135,32322736,5723663,76.0
1136,32322733,5723668,77.0
1137,32322731,5723673,75.0
1138,32322727,5723682,75.0
1139,32322723,5723691,75.0
1140,32322718,5723698,77.0
1141,32322712,5723705,78.0
1142,32322706,5723712,78.0
1143,32322702,5723718,76.0
1144,32322697,5723724,75.0
1145,32322691,5723730,77.0
1146,32322685,5723737,80.0
1147,32322680,5723741,77.0
1148,32322677,5723748,77.0
1149,32322671,5723752,76.0
1150,32322664,5723755,77.0
1151,32322659,5723759,76.0
1152,32322653,5723763,77.0
1153,32322646,5723766,76.0
1154,32322642,5723769,77.0
1155,32322636,5723771,75.0
1156,32322632,5723775,75.0
1157,32322627,5723781,75.0
1158,32322624,5723787,77.0
1159,32322620,5723791,76.0
1160,32322615,5723797,77.0
1161,32322610,5723803,79.0
1162,32322604,5723806,79.0
1163,32322599,5723811,83.0
1164,32322592,5723813,81.0
1165,32322584,5723813,78.0
1166,32322577,5723814,79.0
1167,32322570,5723815,79.0
1168,32322566,5723817,81.0
1169,32322561,5723821,81.0
1170,32322557,5723826,76.0
1171,32322554,5723830,74.0
1172,32322551,5723834,74.0
1173,32322543,5723837,73.0
1174,32322539,5723841,74.0
1175,32322535,5723844,75.0
1176,32322527,5723846,81.0
1177,32322520,5723847,72.0
1178,32322510,5723850,76.0
1179,32322503,5723856,82.0
1180,32322499,5723861,84.0
1181,32322492,5723865,88.0
1182,32322485,5723869,89.0
1183,32322480,5723872,90.0
1184,32322476,5723877,90.0
1185,32322474,5723882,90.0
1186,32322470,5723887,89.0
1187,32322467,5723891,89.0
1188,32322464,5723895,91.0
1189,32322462,5723897,90.0
1190,32322457,5723898,88.0
1191,32322454,5723906,88.0
1192,32322453,5723913,88.0
1193,32322451,5723919,91.0
1194,32322451,5723925,90.0
1195,32322450,5723934,89.0
1196,32322446,5723942,91.0
1197,32322444,5723949,93.0
1198,32322442,5723952,93.0
1199,32322437,5723955,91.0
1200,32322434,5723960,96.0
1201,32322429,5723969,97.0
1202,32322423,5723974,97.0
1203,32322416,5723979,97.0
1204,32322412,5723984,99.0
1205,32322405,5723988,102.0
1206,32322401,5723991,99.0
1207,32322395,5723994,98.0
1208,32322393,5723997,99.0
1209,32322392,5724002,100.0
1210,32322391,5724005,99.0
1211,32322390,5724007,99.0
1212,32322389,5724007,100.0
1213,32322389,5724006,97.0
1214,32322390,5724003,95.0
1215,32322390,5724003,93.0
1216,32322389,5724001,93.0
1217,32322388,5724001,94.0
1218,32322388,5724001,95.0
1219,32322388,5724001,95.0
1220,32322388,5724001,95.0
1221,32322388,5724001,95.0
1222,32322388,5724001,95.0
1223,32322388,5724001,95.0
1224,32322388,5724001,96.0
1225,32322387,5724000,96.0
1226,32322387,5724000,96.0
1227,32322387,5724000,97.0
1228,32322387,5724000,85.0
1229,32322386,5724000,90.0
1230,32322386,5724000,92.0
1231,32322386,5724000,94.0
1232,32322386,5724000,95.0
1233,32322386,5724000,96.0
1234,32322386,5724000,96.0
1235,32322386,5724000,96.0
1236,32322386,5724000,96.0
1237,32322386,5724000,96.0
1238,32322386,5724000,96.0
1239,32322386,5724000,96.0
1240,32322386,5724000,96.0
1241,32322386,5724000,96.0
1242,32322386,5724000,96.0
1243,32322386,5724000,96.0
1244,32322386,5724000,96.0
1245,32322386,5724000,96.0
1246,32322386,5724000,96.0
1247,32322386,5724000,97.0
1248,32322386,5724000,97.0
1249,32322386,5724000,97.0
1250,32322386,5724000,97.0
1251,32322386,5724000,97.0
1252,32322386,5724000,97.0
1253,32322386,5724000,97.0
1254,32322386,5724000,97.0
1255,32322386,5724000,97.0
1256,32322386,5724000,97.0
1257,32322386,5724000,97.0
1258,32322386,5724000,97.0
1259,32322386,5724000,97.0
1260,32322386,5724000,97.0
1261,32322386,5724000,97.0
1262,32322386,5724000,97.0
1263,32322383,5723998,110.0
1264,32322382,5723998,110.0
1265,32322382,5723997,112.0
1266,32322382,5723996,114.0
1267,32322382,5723996,114.0
1268,32322382,5723996,114.0
1269,32322382,5723996,114.0
1270,32322382,5723996,114.0
1271,32322382,5723996,114.0
1272,32322381,5723996,114.0
1273,32322381,5723996,114.0
1274,32322381,5723996,114.0
1275,32322381,5723996,114.0
1276,32322381,5723996,114.0
1277,32322381,5723996,114.0
1278,32322381,5723996,114.0
1279,32322381,5723996,114.0
1280,32322381,5723996,114.0
1281,32322381,5723996,114.0
1282,32322381,5723996,114.0
1283,32322381,5723996,114.0
1284,32322381,5723996,114.0
1285,32322381,5723996,114.0
1286,32322381,5723996,114.0
1287,32322381,5723996,114.0
1288,32322381,5723996,114.0
1289,32322381,5723996,114.0
1290,32322381,5723996,114.0
1291,32322381,5723996,114.0
1292,32322381,5723996,114.0
1293,32322381,5723996,114.0
1294,32322381,5723996,114.0
1295,32322381,5723996,114.0
1296,32322381,5723996,114.0
1297,32322381,5723996,114.0
1298,32322381,5723996,114.0
1299,32322381,5723996,114.0
1300,32322381,5723993,85.0
1301,32322382,5723992,85.0
1302,32322382,5723993,85.0
1303,32322383,5723994,74.0
1304,32322383,5723997,78.0
1305,32322385,5723999,80.0
1306,32322386,5724000,81.0
1307,32322387,5724003,83.0
1308,32322388,5724007,86.0
1309,32322390,5724008,87.0
1310,32322393,5724010,89.0
1311,32322396,5724016,86.0
1312,32322398,5724023,89.0
1313,32322401,5724028,90.0
1314,32322404,5724033,91.0
1315,32322405,5724034,93.0
1316,32322405,5724034,95.0
1317,32322406,5724033,95.0
1318,32322407,5724033,95.0
1319,32322408,5724033,95.0
1320,32322411,5724033,96.0
1321,32322414,5724037,96.0
1322,32322419,5724042,97.0
1323,32322422,5724045,96.0
1324,32322425,5724051,93.0
1325,32322428,5724058,95.0
1326,32322431,5724061,92.0
1327,32322435,5724067,91.0
1328,32322439,5724074,72.0
1329,32322450,5724082,81.0
1330,32322453,5724084,82.0
1331,32322457,5724093,84.0
1332,32322461,5724098,84.0
1333,32322468,5724105,84.0
1334,32322472,5724110,88.0
1335,32322474,5724111,89.0
1336,32322479,5724114,89.0
1337,32322484,5724115,89.0
1338,32322486,5724116,89.0
1339,32322488,5724117,90.0
1340,32322489,5724121,92.0
1341,32322490,5724127,92.0
1342,32322490,5724134,90.0
1343,32322487,5724143,89.0
1344,32322485,5724147,91.0
1345,32322479,5724157,93.0
1346,32322475,5724164,93.0
1347,32322470,5724173,92.0
1348,32322469,5724178,92.0
1349,32322463,5724182,90.0
1350,32322459,5724184,89.0
1351,32322452,5724186,94.0
1352,32322445,5724192,95.0
1353,32322440,5724197,95.0
1354,32322436,5724200,94.0
1355,32322430,5724204,94.0
1356,32322426,5724207,96.0
1357,32322422,5724213,96.0
1358,32322420,5724216,98.0
1359,32322414,5724221,99.0
1360,32322408,5724224,99.0
1361,32322405,5724227,101.0
1362,32322403,5724231,103.0
1363,32322401,5724239,104.0
1364,32322400,5724243,105.0
1365,32322402,5724249,109.0
1366,32322403,5724253,109.0
1367,32322406,5724258,95.0
1368,32322408,5724263,98.0
1369,32322411,5724269,100.0
1370,32322414,5724270,102.0
1371,32322417,5724271,99.0
1372,32322418,5724274,97.0
1373,32322421,5724278,96.0
1374,32322427,5724281,96.0
1375,32322433,5724284,94.0
1376,32322441,5724286,93.0
1377,32322446,5724289,94.0
1378,32322449,5724292,94.0
1379,32322455,5724296,95.0
1380,32322461,5724298,96.0
1381,32322467,5724303,95.0
1382,32322473,5724307,94.0
1383,32322480,5724309,86.0
1384,32322485,5724313,86.0
1385,32322489,5724315,89.0
1386,32322494,5724319,85.0
1387,32322499,5724322,86.0
1388,32322505,5724325,92.0
1389,32322511,5724327,97.0
1390,32322519,5724328,99.0
1391,32322524,5724336,102.0
1392,32322525,5724342,105.0
1393,32322528,5724349,108.0
1394,32322532,5724354,107.0
1395,32322536,5724360,110.0
1396,32322540,5724370,93.0
1397,32322542,5724380,99.0
1398,32322545,5724385,105.0
1399,32322547,5724389,106.0
1400,32322550,5724398,106.0
1401,32322552,5724402,104.0
1402,32322554,5724406,100.0
1403,32322556,5724413,103.0
1404,32322558,5724415,103.0
1405,32322560,5724419,103.0
1406,32322562,5724422,104.0
1407,32322566,5724428,105.0
1408,32322571,5724431,106.0
1409,32322576,5724431,107.0
1410,32322581,5724434,106.0
1411,32322586,5724438,106.0
1412,32322590,5724440,105.0
1413,32322598,5724440,107.0
1414,32322604,5724443,108.0
1415,32322607,5724444,103.0
1416,32322610,5724448,102.0
1417,32322613,5724453,101.0
1418,32322619,5724455,100.0
1419,32322623,5724456,100.0
1420,32322627,5724460,99.0
1421,32322633,5724461,101.0
1422,32322639,5724462,90.0
1423,32322645,5724462,95.0
1424,32322651,5724465,97.0
1425,32322655,5724467,99.0
1426,32322660,5724469,101.0
1427,32322666,5724469,103.0
1428,32322671,5724468,102.0
1429,32322676,5724467,102.0
1430,32322679,5724468,102.0
1431,32322685,5724469,103.0
1432,32322691,5724469,103.0
1433,32322699,5724469,103.0
1434,32322703,5724469,103.0
1435,32322711,5724469,104.0
1436,32322717,5724468,103.0
1437,32322723,5724467,107.0
1438,32322726,5724468,106.0
1439,32322736,5724469,109.0
1440,32322743,5724469,109.0
1441,32322751,5724469,110.0
1442,32322756,5724470,110.0
1443,32322764,5724471,108.0
1444,32322769,5724473,110.0
1445,32322774,5724476,109.0
1446,32322778,5724475,109.0
1447,32322785,5724475,108.0
1448,32322792,5724475,96.0
1449,32322799,5724475,101.0
1450,32322802,5724476,101.0
1451,32322806,5724478,103.0
1452,32322807,5724481,103.0
1453,32322811,5724484,105.0
1454,32322815,5724487,108.0
1455,32322820,5724488,94.0
1456,32322826,5724492,96.0
1457,32322833,5724493,103.0
1458,32322839,5724494,105.0
1459,32322845,5724495,107.0
1460,32322849,5724496,107.0
1461,32322854,5724497,108.0
1462,32322860,5724499,113.0
1463,32322865,5724500,112.0
1464,32322870,5724500,114.0
1465,32322873,5724500,113.0
1466,32322879,5724501,114.0
1467,32322888,5724501,114.0
1468,32322895,5724502,116.0
1469,32322900,5724503,114.0
1470,32322906,5724503,112.0
1471,32322913,5724505,113.0
1472,32322920,5724506,114.0
1473,32322927,5724505,116.0
1474,32322933,5724504,117.0
1475,32322944,5724503,117.0
1476,32322952,5724503,116.0
1477,32322960,5724506,113.0
1478,32322966,5724506,113.0
1479,32322974,5724507,114.0
1480,32322978,5724507,114.0
1481,32322986,5724506,116.0
1482,32322993,5724507,102.0
1483,32322998,5724509,105.0
1484,32323005,5724511,111.0
1485,32323009,5724512,111.0
1486,32323013,5724516,115.0
1487,32323018,5724520,116.0
1488,32323021,5724522,116.0
1489,32323026,5724523,101.0
1490,32323032,5724522,106.0
1491,32323036,5724524,111.0
1492,32323040,5724527,111.0
1493,32323046,5724529,109.0
1494,32323050,5724530,111.0
1495,32323058,5724532,112.0
1496,32323064,5724533,114.0
1497,32323071,5724534,117.0
1498,32323075,5724531,118.0
1499,32323075,5724530,117.0
1500,32323077,5724522,120.0
1501,32323079,5724517,121.0
1502,32323081,5724513,122.0
1503,32323087,5724508,88.0
1504,32323089,5724506,104.0
1505,32323092,5724507,115.0
1506,32323092,5724506,120.0
1507,32323094,5724508,120.0
1508,32323096,5724509,121.0
1509,32323097,5724510,122.0
1510,32323098,5724509,121.0
1511,32323097,5724511,121.0
1512,32323096,5724511,121.0
1513,32323097,5724510,122.0
1514,32323097,5724509,123.0
1515,32323097,5724509,124.0
1516,32323096,5724507,125.0
1517,32323095,5724508,125.0
1518,32323095,5724508,124.0
1519,32323096,5724508,123.0
1520,32323096,5724508,124.0
1521,32323096,5724508,124.0
1522,32323096,5724508,124.0
1523,32323096,5724508,124.0
1524,32323096,5724508,124.0
1525,32323096,5724508,126.0
1526,32323093,5724508,122.0
1527,32323092,5724509,121.0
1528,32323091,5724508,120.0
1529,32323093,5724508,121.0
1530,32323093,5724508,121.0
1531,32323093,5724507,122.0
1532,32323093,5724507,123.0
1533,32323094,5724507,123.0
1534,32323094,5724507,123.0
1535,32323094,5724507,123.0
1536,32323094,5724507,123.0
1537,32323094,5724507,123.0
1538,32323094,5724507,123.0
1539,32323095,5724508,118.0
1540,32323095,5724508,117.0
1541,32323096,5724508,116.0
1542,32323094,5724504,112.0
1543,32323093,5724497,109.0
1544,32323091,5724490,111.0
1545,32323086,5724488,112.0
1546,32323081,5724492,113.0
1547,32323076,5724498,113.0
1548,32323069,5724503,112.0
1549,32323064,5724505,110.0
1550,32323058,5724507,87.0
1551,32323054,5724509,92.0
1552,32323048,5724512,96.0
1553,32323042,5724515,106.0
1554,32323037,5724519,111.0
1555,32323040,5724523,113.0
1556,32323045,5724524,114.0
1557,32323050,5724526,112.0
1558,32323053,5724528,113.0
1559,32323058,5724529,112.0
1560,32323063,5724532,110.0
1561,32323071,5724534,110.0
1562,32323077,5724536,114.0
1563,32323084,5724540,112.0
1564,32323090,5724542,112.0
1565,32323094,5724543,90.0
1566,32323099,5724543,99.0
1567,32323106,5724544,105.0
1568,32323112,5724547,109.0
1569,32323118,5724549,115.0
1570,32323126,5724551,119.0
1571,32323131,5724554,120.0
1572,32323134,5724556,122.0
1573,32323141,5724556,94.0
1574,32323148,5724557,107.0
1575,32323150,5724558,106.0
1576,32323150,5724558,111.0
1577,32323150,5724557,117.0
1578,32323152,5724555,119.0
1579,32323152,5724555,120.0
1580,32323152,5724555,121.0
1581,32323151,5724556,125.0
1582,32323149,5724557,122.0
1583,32323149,5724557,125.0
1584,32323150,5724557,126.0
1585,32323150,5724558,127.0
1586,32323150,5724558,126.0
1587,32323150,5724558,126.0
1588,32323150,5724558,126.0
1589,32323150,5724558,126.0
1590,32323150,5724558,126.0
1591,32323150,5724558,126.0
1592,32323150,5724558,126.0
1593,32323150,5724558,126.0
1594,32323150,5724557,126.0
1595,32323150,5724557,126.0
1596,32323150,5724557,126.0
1597,32323150,5724557,126.0
1598,32323150,5724557,126.0
1599,32323150,5724557,126.0
1600,32323151,5724558,125.0
1601,32323154,5724558,124.0
1602,32323160,5724559,125.0
1603,32323163,5724561,126.0
1604,32323163,5724561,126.0
1605,32323163,5724562,127.0
1606,32323162,5724563,127.0
1607,32323161,5724563,127.0
1608,32323161,5724563,127.0
1609,32323161,5724563,127.0
1610,32323161,5724563,127.0
1611,32323161,5724563,127.0
1612,32323161,5724563,127.0
1613,32323161,5724563,127.0
1614,32323161,5724563,127.0
1615,32323161,5724563,127.0
1616,32323161,5724563,127.0
1617,32323161,5724563,127.0
1618,32323161,5724563,127.0
1619,32323161,5724563,127.0
1620,32323161,5724563,127.0
1621,32323161,5724563,127.0
1622,32323162,5724563,127.0
1623,32323165,5724561,127.0
1624,32323167,5724560,128.0
1625,32323168,5724558,127.0
1626,32323168,5724554,123.0
1627,32323170,5724550,117.0
1628,32323170,5724543,113.0
1629,32323168,5724536,111.0
1630,32323169,5724530,111.0
1631,32323168,5724526,110.0
1632,32323168,5724521,108.0
1633,32323168,5724516,107.0
1634,32323169,5724512,107.0
1635,32323170,5724508,103.0
1636,32323171,5724503,104.0
1637,32323171,5724500,102.0
1638,32323171,5724495,100.0
1639,32323171,5724491,100.0
1640,32323172,5724485,100.0
1641,32323172,5724476,98.0
1642,32323172,5724468,97.0
1643,32323172,5724462,97.0
1644,32323172,5724456,98.0
1645,32323173,5724448,101.0
1646,32323172,5724441,104.0
1647,32323172,5724434,105.0
1648,32323172,5724431,105.0
1649,32323172,5724423,104.0
1650,32323177,5724398,101.0
1651,32323177,5724372,100.0
1652,32323181,5724344,100.0
1653,32323185,5724313,99.0
1654,32323188,5724281,101.0
1655,32323188,5724257,101.0
1656,32323196,5724229,97.0
1657,32323198,5724206,97.0
1658,32323202,5724196,99.0
1659,32323205,5724186,99.0
1660,32323206,5724183,99.0
1661,32323212,5724184,93.0
1662,32323218,5724182,90.0
1663,32323222,5724182,87.0
1664,32323226,5724182,87.0
1665,32323231,5724182,87.0
1666,32323233,5724183,89.0
1667,32323239,5724185,91.0
1668,32323242,5724190,95.0
1669,32323247,5724191,92.0
1670,32323250,5724192,90.0
1671,32323255,5724192,88.0
1672,32323257,5724193,84.0
1673,32323262,5724197,83.0
1674,32323266,5724200,83.0
1675,32323274,5724201,82.0
1676,32323282,5724200,84.0
1677,32323288,5724200,81.0
1678,32323292,5724201,79.0
1679,32323299,5724201,80.0
1680,32323305,5724201,81.0
1681,32323313,5724205,81.0
1682,32323317,5724208,81.0
1683,32323324,5724211,82.0
1684,32323333,5724213,94.0
1685,32323342,5724213,92.0
1686,32323349,5724214,88.0
1687,32323351,5724216,87.0
1688,32323356,5724218,86.0
1689,32323362,5724218,87.0
1690,32323368,5724219,86.0
1691,32323379,5724217,86.0
1692,32323388,5724219,76.0
1693,32323392,5724222,78.0
1694,32323395,5724227,82.0
1695,32323396,5724230,85.0
1696,32323396,5724231,89.0
1697,32323398,5724234,90.0
1698,32323399,5724235,92.0
1699,32323399,5724235,85.0
1700,32323400,5724236,90.0
1701,32323399,5724237,92.0
1702,32323399,5724238,93.0
1703,32323399,5724239,94.0
1704,32323399,5724239,94.0
1705,32323399,5724239,94.0
1706,32323399,5724239,94.0
1707,32323399,5724240,94.0
1708,32323399,5724240,94.0
1709,32323399,5724240,94.0
1710,32323399,5724240,81.0
1711,32323399,5724240,88.0
1712,32323399,5724239,92.0
1713,32323399,5724240,94.0
1714,32323401,5724242,94.0
1715,32323406,5724244,95.0
1716,32323412,5724245,96.0
1717,32323417,5724246,95.0
1718,32323420,5724247,95.0
1719,32323426,5724248,95.0
1720,32323431,5724250,93.0
1721,32323437,5724251,92.0
1722,32323444,5724252,93.0
1723,32323449,5724253,93.0
1724,32323453,5724254,90.0
1725,32323458,5724256,91.0
1726,32323461,5724258,90.0
1727,32323464,5724259,91.0
1728,32323468,5724261,89.0
1729,32323472,5724263,88.0
1730,32323475,5724265,87.0
1731,32323480,5724266,88.0
1732,32323485,5724266,89.0
1733,32323494,5724267,88.0
1734,32323501,5724268,87.0
1735,32323506,5724268,86.0
1736,32323513,5724267,86.0
1737,32323521,5724267,88.0
1738,32323528,5724267,86.0
1739,32323532,5724268,86.0
1740,32323536,5724271,87.0
1741,32323538,5724272,88.0
1742,32323542,5724277,90.0
1743,32323547,5724277,87.0
1744,32323551,5724277,87.0
1745,32323554,5724279,87.0
1746,32323555,5724284,87.0
1747,32323559,5724287,86.0
1748,32323564,5724288,84.0
1749,32323569,5724290,79.0
1750,32323576,5724293,78.0
1751,32323579,5724295,78.0
1752,32323581,5724296,81.0
1753,32323583,5724296,82.0
1754,32323586,5724297,84.0
1755,32323589,5724297,86.0
1756,32323591,5724297,87.0
1757,32323593,5724298,87.0
1758,32323595,5724299,89.0
1759,32323597,5724299,93.0
1760,32323597,5724300,94.0
1761,32323598,5724300,94.0
1762,32323598,5724300,94.0
1763,32323598,5724299,95.0
1764,32323600,5724300,94.0
1765,32323603,5724302,94.0
1766,32323608,5724305,94.0
1767,32323612,5724307,93.0
1768,32323616,5724307,91.0
1769,32323624,5724305,89.0
1770,32323631,5724302,87.0
1771,32323636,5724301,88.0
1772,32323645,5724298,89.0
1773,32323650,5724299,89.0
1774,32323657,5724301,86.0
1775,32323661,5724305,83.0
1776,32323666,5724308,83.0
1777,32323671,5724311,85.0
1778,32323675,5724313,87.0
1779,32323681,5724318,87.0
1780,32323688,5724321,89.0
1781,32323693,5724323,87.0
1782,32323702,5724323,86.0
1783,32323708,5724322,87.0
1784,32323716,5724322,91.0
1785,32323725,5724323,91.0
1786,32323732,5724325,92.0
1787,32323738,5724328,94.0
1788,32323745,5724333,96.0
1789,32323750,5724336,96.0
1790,32323756,5724338,93.0
1791,32323760,5724340,94.0
1792,32323766,5724346,93.0
1793,32323769,5724351,90.0
1794,32323773,5724355,82.0
1795,32323775,5724358,85.0
1796,32323778,5724361,88.0
1797,32323780,5724365,88.0
1798,32323781,5724367,86.0
1799,32323781,5724369,87.0
1800,32323778,5724371,89.0
1801,32323774,5724372,80.0
1802,32323773,5724375,85.0
1803,32323771,5724377,86.0
1804,32323770,5724381,88.0
1805,32323769,5724383,89.0
1806,32323769,5724386,90.0
1807,32323767,5724391,93.0
1808,32323765,5724394,95.0
1809,32323764,5724398,96.0
1810,32323764,5724403,96.0
1811,32323765,5724407,95.0
1812,32323766,5724412,95.0
1813,32323768,5724418,94.0
1814,32323772,5724422,93.0
1815,32323776,5724423,82.0
1816,32323780,5724424,89.0
1817,32323785,5724423,92.0
1818,32323787,5724424,91.0
1819,32323789,5724427,93.0
1820,32323792,5724428,93.0
1821,32323794,5724430,90.0
1822,32323795,5724429,87.0
1823,32323796,5724425,86.0
1824,32323797,5724421,83.0
1825,32323796,5724418,83.0
1826,32323795,5724415,84.0
1827,32323794,5724411,83.0
1828,32323794,5724407,82.0
1829,32323793,5724401,80.0
1830,32323792,5724395,79.0
1831,32323792,5724390,77.0
1832,32323790,5724385,77.0
1833,32323787,5724383,77.0
1834,32323784,5724383,77.0
1835,32323783,5724383,78.0
1836,32323783,5724383,84.0
1837,32323787,5724384,84.0
1838,32323790,5724385,84.0
1839,32323793,5724390,84.0
1840,32323797,5724393,83.0
1841,32323802,5724391,81.0
1842,32323809,5724386,82.0
1843,32323817,5724386,84.0
1844,32323820,5724386,86.0
1845,32323823,5724386,86.0
1846,32323825,5724385,86.0
1847,32323829,5724382,85.0
1848,32323831,5724382,86.0
1849,32323833,5724385,88.0
1850,32323835,5724387,89.0
1851,32323835,5724391,88.0
1852,32323834,5724396,88.0
1853,32323832,5724398,89.0
1854,32323829,5724395,77.0
1855,32323827,5724391,81.0
1856,32323828,5724387,86.0
1857,32323829,5724386,85.0
1858,32323832,5724384,86.0
1859,32323833,5724386,85.0
1860,32323832,5724391,87.0
1861,32323830,5724394,85.0
1862,32323825,5724393,84.0
1863,32323824,5724388,89.0
1864,32323825,5724386,88.0
1865,32323829,5724386,89.0
1866,32323832,5724389,93.0
1867,32323833,5724393,90.0
1868,32323831,5724397,90.0
1869,32323827,5724400,87.0
1870,32323823,5724399,87.0
1871,32323821,5724395,86.0
1872,32323821,5724394,87.0
1873,32323821,5724394,79.0
1874,32323821,5724394,83.0
1875,32323824,5724394,85.0
1876,32323828,5724395,85.0
1877,32323830,5724398,84.0
1878,32323830,5724400,84.0
1879,32323828,5724400,83.0
1880,32323825,5724397,85.0
1881,32323825,5724393,84.0
1882,32323830,5724390,87.0
1883,32323833,5724391,84.0
1884,32323834,5724395,83.0
1885,32323831,5724399,83.0
1886,32323827,5724398,82.0
1887,32323825,5724395,80.0
1888,32323828,5724391,81.0
1889,32323831,5724390,80.0
1890,32323832,5724392,79.0
1891,32323832,5724395,79.0
1892,32323831,5724396,78.0
1893,32323829,5724393,79.0
1894,32323827,5724390,80.0
1895,32323825,5724390,79.0
1896,32323823,5724390,79.0
1897,32323820,5724391,74.0
1898,32323819,5724391,77.0
1899,32323818,5724391,81.0
1900,32323817,5724390,83.0
1901,32323817,5724390,84.0
1902,32323817,5724390,84.0
1903,32323817,5724390,84.0
1904,32323817,5724390,84.0
1905,32323817,5724390,84.0
1906,32323817,5724390,84.0
1907,32323817,5724390,85.0
1908,32323817,5724390,85.0
1909,32323818,5724390,86.0
1910,32323821,5724391,86.0
1911,32323823,5724392,83.0
1912,32323825,5724391,83.0
1913,32323826,5724391,81.0
1914,32323827,5724391,82.0
1915,32323827,5724392,82.0
1916,32323826,5724392,83.0
1917,32323826,5724393,82.0
1918,32323825,5724393,82.0
1919,32323825,5724393,82.0
1920,32323825,5724393,82.0
1921,32323825,5724393,82.0
1922,32323825,5724393,82.0
1923,32323825,5724393,82.0
1924,32323825,5724393,82.0
1925,32323825,5724393,82.0
1926,32323825,5724393,82.0
1927,32323825,5724393,82.0
1928,32323825,5724393,82.0
1929,32323825,5724393,82.0
1930,32323825,5724393,82.0
1931,32323825,5724393,82.0
1932,32323825,5724393,82.0
1933,32323825,5724393,82.0
1934,32323825,5724393,82.0
1935,32323825,5724393,82.0
1936,32323825,5724393,82.0
1937,32323825,5724393,82.0
1938,32323825,5724393,82.0
1939,32323825,5724393,82.0
1940,32323825,5724393,82.0
1941,32323825,5724393,82.0
1942,32323825,5724393,82.0
1943,32323825,5724393,82.0
1944,32323824,5724396,83.0
1945,32323823,5724399,83.0
1946,32323824,5724400,85.0
1947,32323826,5724401,83.0
1948,32323827,5724402,82.0
1949,32323827,5724402,82.0
1950,32323827,5724402,82.0
1951,32323827,5724402,82.0
1952,32323827,5724402,82.0
1953,32323828,5724402,82.0
1954,32323828,5724402,82.0
1955,32323828,5724402,82.0
1956,32323828,5724401,82.0
1957,32323828,5724402,82.0
1958,32323827,5724402,82.0
1959,32323826,5724403,81.0
1960,32323826,5724403,81.0
1961,32323825,5724403,82.0
1962,32323826,5724402,82.0
1963,32323826,5724401,82.0
1964,32323826,5724401,82.0
1965,32323826,5724401,83.0
1966,32323826,5724401,83.0
1967,32323826,5724401,83.0
1968,32323825,5724400,78.0
1969,32323824,5724398,78.0
1970,32323824,5724401,80.0
1971,32323827,5724406,81.0
1972,32323832,5724408,80.0
1973,32323837,5724408,80.0
1974,32323845,5724406,81.0
1975,32323852,5724404,80.0
1976,32323858,5724401,80.0
1977,32323864,5724401,79.0
1978,32323868,5724402,82.0
1979,32323874,5724403,81.0
1980,32323881,5724405,80.0
1981,32323887,5724409,78.0
1982,32323891,5724411,76.0
1983,32323895,5724412,72.0
1984,32323898,5724417,74.0
1985,32323901,5724421,75.0
1986,32323908,5724427,76.0
1987,32323913,5724434,80.0
1988,32323916,5724438,80.0
1989,32323922,5724439,79.0
1990,32323926,5724440,79.0
1991,32323932,5724440,78.0
1992,32323936,5724444,78.0
1993,32323941,5724449,79.0
1994,32323946,5724453,80.0
1995,32323957,5724461,85.0
1996,32323963,5724467,86.0
1997,32323968,5724472,88.0
1998,32323974,5724477,88.0
1999,32323979,5724482,91.0
2000,32323984,5724485,90.0
2001,32323988,5724487,91.0
2002,32323992,5724489,91.0
2003,32323994,5724490,91.0
2004,32323999,5724493,90.0
2005,32324002,5724494,90.0
2006,32324008,5724496,91.0
2007,32324010,5724497,89.0
2008,32324012,5724497,90.0
2009,32324012,5724497,90.0
2010,32324011,5724499,89.0
2011,32324009,5724504,89.0
2012,32324008,5724512,90.0
2013,32324003,5724520,91.0
2014,32323999,5724525,91.0
2015,32323994,5724531,90.0
2016,32323991,5724535,88.0
2017,32323988,5724540,85.0
2018,32323982,5724545,86.0
2019,32323977,5724551,86.0
2020,32323973,5724554,84.0
2021,32323967,5724559,82.0
2022,32323962,5724564,78.0
2023,32323957,5724569,78.0
2024,32323953,5724573,76.0
2025,32323951,5724580,77.0
2026,32323946,5724587,77.0
2027,32323942,5724593,75.0
2028,32323938,5724599,75.0
2029,32323935,5724603,77.0
2030,32323930,5724609,77.0
2031,32323927,5724612,79.0
2032,32323925,5724613,79.0
2033,32323922,5724615,80.0
2034,32323919,5724619,80.0
2035,32323917,5724621,82.0
2036,32323915,5724622,83.0
2037,32323913,5724625,83.0
2038,32323912,5724629,83.0
2039,32323909,5724632,82.0
2040,32323908,5724633,81.0
2041,32323906,5724636,82.0
2042,32323903,5724638,80.0
2043,32323901,5724639,78.0
2044,32323900,5724641,78.0
2045,32323900,5724640,77.0
2046,32323900,5724640,78.0
2047,32323900,5724640,78.0
2048,32323900,5724640,78.0
2049,32323900,5724640,78.0
2050,32323900,5724640,78.0
2051,32323900,5724640,78.0
2052,32323900,5724640,77.0
2053,32323900,5724640,77.0
2054,32323900,5724640,78.0
2055,32323900,5724640,78.0
2056,32323900,5724640,78.0
2057,32323900,5724640,78.0
2058,32323900,5724640,78.0
2059,32323900,5724640,78.0
2060,32323900,5724640,78.0
2061,32323900,5724640,75.0
2062,32323900,5724640,77.0
2063,32323900,5724640,78.0
2064,32323900,5724640,78.0
2065,32323900,5724640,78.0
2066,32323900,5724640,78.0
2067,32323900,5724640,78.0
2068,32323900,5724640,78.0
2069,32323900,5724640,78.0
2070,32323900,5724640,78.0
2071,32323899,5724640,77.0
2072,32323898,5724638,76.0
2073,32323897,5724638,76.0
2074,32323897,5724639,77.0
2075,32323895,5724639,81.0
2076,32323894,5724638,81.0
2077,32323894,5724638,79.0
2078,32323894,5724638,80.0
2079,32323894,5724638,81.0
2080,32323894,5724638,81.0
2081,32323894,5724638,81.0
2082,32323894,5724638,81.0
2083,32323894,5724638,81.0
2084,32323894,5724638,81.0
2085,32323894,5724638,81.0
2086,32323894,5724638,81.0
2087,32323894,5724638,81.0
2088,32323894,5724638,81.0
2089,32323894,5724638,81.0
2090,32323894,5724638,81.0
2091,32323894,5724638,81.0
2092,32323894,5724638,81.0
2093,32323895,5724637,83.0
2094,32323894,5724637,82.0
2095,32323894,5724637,82.0
2096,32323894,5724639,83.0
2097,32323894,5724640,84.0
2098,32323892,5724642,83.0
2099,32323888,5724648,80.0
2100,32323885,5724650,80.0
2101,32323884,5724652,80.0
2102,32323879,5724655,80.0
2103,32323876,5724659,81.0
2104,32323872,5724664,81.0
2105,32323868,5724669,81.0
2106,32323865,5724673,81.0
2107,32323861,5724680,81.0
2108,32323857,5724686,82.0
2109,32323852,5724692,81.0
2110,32323847,5724699,82.0
2111,32323843,5724703,80.0
2112,32323836,5724711,77.0
2113,32323828,5724719,76.0
2114,32323821,5724725,78.0
2115,32323815,5724730,80.0
2116,32323809,5724736,78.0
2117,32323805,5724741,76.0
2118,32323799,5724747,80.0
2119,32323795,5724751,81.0
2120,32323791,5724757,80.0
2121,32323789,5724762,79.0
2122,32323785,5724769,78.0
2123,32323781,5724773,78.0
2124,32323776,5724780,76.0
2125,32323773,5724786,77.0
2126,32323768,5724791,78.0
2127,32323764,5724794,79.0
2128,32323757,5724800,78.0
2129,32323753,5724804,78.0
2130,32323745,5724809,78.0
2131,32323739,5724812,79.0
2132,32323733,5724814,77.0
2133,32323731,5724814,79.0
2134,32323730,5724814,80.0
2135,32323731,5724817,81.0
2136,32323732,5724819,83.0
2137,32323732,5724818,84.0
2138,32323732,5724816,86.0
2139,32323731,5724815,84.0
2140,32323731,5724816,86.0
2141,32323730,5724816,87.0
2142,32323730,5724816,87.0
2143,32323730,5724816,87.0
2144,32323730,5724816,87.0
2145,32323730,5724816,87.0
2146,32323730,5724816,87.0
2147,32323730,5724816,87.0
2148,32323730,5724816,87.0
2149,32323730,5724816,87.0
2150,32323730,5724816,87.0
2151,32323730,5724816,87.0
2152,32323730,5724816,87.0
2153,32323730,5724816,87.0
2154,32323730,5724816,87.0
2155,32323730,5724816,87.0
2156,32323730,5724816,87.0
2157,32323730,5724816,87.0
2158,32323730,5724816,87.0
2159,32323730,5724816,87.0
2160,32323729,5724818,88.0
2161,32323727,5724817,88.0
2162,32323727,5724814,89.0
2163,32323726,5724814,88.0
2164,32323725,5724814,86.0
2165,32323724,5724814,86.0
2166,32323718,5724814,85.0
2167,32323711,5724810,86.0
2168,32323707,5724807,87.0
2169,32323700,5724803,86.0
2170,32323694,5724796,86.0
2171,32323689,5724792,87.0
2172,32323683,5724788,87.0
2173,32323677,5724784,88.0
2174,32323671,5724781,87.0
2175,32323668,5724782,85.0
2176,32323662,5724786,87.0
2177,32323654,5724792,89.0
2178,32323648,5724797,91.0
2179,32323643,5724801,84.0
2180,32323637,5724805,90.0
2181,32323629,5724810,83.0
2182,32323623,5724814,85.0
2183,32323616,5724818,79.0
2184,32323610,5724819,83.0
2185,32323606,5724817,83.0
2186,32323605,5724813,84.0
2187,32323602,5724808,87.0
2188,32323599,5724803,89.0
2189,32323595,5724799,91.0
2190,32323590,5724795,91.0
2191,32323586,5724791,92.0
2192,32323582,5724788,92.0
2193,32323580,5724785,91.0
2194,32323576,5724781,92.0
2195,32323573,5724776,92.0
2196,32323569,5724772,93.0
2197,32323566,5724767,97.0
2198,32323565,5724766,97.0
2199,32323566,5724765,96.0
2200,32323566,5724765,96.0
2201,32323566,5724763,96.0
2202,32323566,5724761,95.0
2203,32323565,5724761,95.0
2204,32323562,5724759,93.0
2205,32323561,5724758,94.0
2206,32323558,5724755,93.0
2207,32323556,5724753,94.0
2208,32323553,5724750,97.0
2209,32323551,5724748,96.0
2210,32323548,5724746,96.0
2211,32323546,5724744,96.0
2212,32323545,5724741,95.0
2213,32323543,5724738,95.0
2214,32323541,5724735,94.0
2215,32323538,5724731,95.0
2216,32323536,5724728,94.0
2217,32323535,5724727,93.0
2218,32323536,5724726,94.0
2219,32323537,5724726,95.0
2220,32323537,5724727,94.0
2221,32323537,5724727,94.0
2222,32323537,5724727,94.0
2223,32323537,5724726,93.0
2224,32323537,5724725,93.0
2225,32323537,5724724,94.0
2226,32323537,5724724,93.0
2227,32323537,5724724,93.0
2228,32323537,5724724,93.0
2229,32323537,5724724,93.0
2230,32323537,5724724,93.0
2231,32323537,5724724,93.0
2232,32323537,5724724,92.0
2233,32323537,5724724,92.0
2234,32323537,5724724,92.0
2235,32323537,5724724,93.0
2236,32323537,5724724,92.0
2237,32323539,5724727,92.0
2238,32323540,5724727,92.0
2239,32323540,5724727,91.0
2240,32323539,5724727,91.0
2241,32323539,5724725,91.0
2242,32323540,5724722,91.0
2243,32323539,5724723,92.0
2244,32323540,5724723,93.0
2245,32323540,5724722,93.0
2246,32323540,5724722,92.0
2247,32323540,5724723,93.0
2248,32323540,5724723,93.0
2249,32323540,5724723,93.0
2250,32323540,5724723,93.0
2251,32323540,5724723,93.0
2252,32323540,5724723,93.0
2253,32323540,5724723,93.0
2254,32323539,5724723,91.0
2255,32323537,5724723,89.0
2256,32323534,5724720,89.0
2257,32323532,5724719,88.0
2258,32323532,5724720,87.0
2259,32323532,5724720,86.0
2260,32323532,5724719,86.0
2261,32323532,5724719,86.0
2262,32323532,5724719,86.0
2263,32323532,5724719,86.0
2264,32323532,5724719,86.0
2265,32323532,5724719,86.0
2266,32323532,5724719,86.0
2267,32323532,5724719,86.0
2268,32323532,5724719,86.0
2269,32323529,5724717,88.0
2270,32323527,5724714,85.0
2271,32323526,5724713,85.0
2272,32323522,5724712,85.0
2273,32323518,5724711,88.0
2274,32323512,5724710,79.0
2275,32323508,5724708,83.0
2276,32323504,5724706,86.0
2277,32323501,5724704,85.0
2278,32323496,5724703,86.0
2279,32323492,5724704,87.0
2280,32323489,5724706,87.0
2281,32323485,5724707,87.0
2282,32323483,5724706,90.0
2283,32323480,5724705,91.0
2284,32323477,5724703,91.0
2285,32323475,5724701,91.0
2286,32323472,5724700,90.0
2287,32323469,5724698,91.0
2288,32323467,5724696,93.0
2289,32323464,5724695,93.0
2290,32323464,5724695,94.0
2291,32323464,5724694,92.0
2292,32323463,5724695,92.0
2293,32323463,5724697,92.0
2294,32323463,5724697,92.0
2295,32323463,5724697,92.0
2296,32323463,5724697,92.0
2297,32323463,5724697,92.0
2298,32323463,5724697,92.0
2299,32323463,5724697,92.0
2300,32323463,5724697,92.0
2301,32323463,5724697,92.0
2302,32323463,5724697,92.0
2303,32323463,5724697,92.0
2304,32323463,5724697,92.0
2305,32323463,5724697,92.0
2306,32323463,5724697,92.0
2307,32323463,5724697,92.0
2308,32323463,5724697,92.0
2309,32323462,5724697,92.0
2310,32323462,5724697,92.0
2311,32323462,5724697,92.0
2312,32323462,5724697,92.0
2313,32323462,5724697,92.0
2314,32323462,5724697,92.0
2315,32323462,5724697,92.0
2316,32323462,5724697,92.0
2317,32323462,5724697,92.0
2318,32323462,5724697,92.0
2319,32323462,5724697,92.0
2320,32323462,5724697,92.0
2321,32323462,5724697,92.0
2322,32323462,5724697,92.0
2323,32323462,5724697,92.0
2324,32323463,5724697,92.0
2325,32323462,5724697,92.0
2326,32323462,5724697,92.0
2327,32323462,5724697,91.0
2328,32323462,5724697,91.0
2329,32323462,5724697,91.0
2330,32323462,5724697,91.0
2331,32323462,5724697,91.0
2332,32323462,5724697,92.0
2333,32323462,5724697,92.0
2334,32323462,5724697,92.0
2335,32323462,5724697,92.0
2336,32323462,5724697,92.0
2337,32323462,5724697,92.0
2338,32323462,5724697,92.0
2339,32323462,5724697,92.0
2340,32323462,5724697,92.0
2341,32323462,5724697,92.0
2342,32323462,5724697,85.0
2343,32323462,5724697,88.0
2344,32323462,5724697,82.0
2345,32323462,5724697,85.0
2346,32323462,5724697,88.0
2347,32323461,5724697,92.0
2348,32323460,5724697,95.0
2349,32323461,5724697,96.0
2350,32323462,5724698,98.0
2351,32323465,5724698,100.0
2352,32323463,5724697,100.0
2353,32323462,5724698,102.0
2354,32323463,5724698,101.0
2355,32323464,5724698,101.0
2356,32323464,5724697,100.0
2357,32323463,5724697,99.0
2358,32323463,5724697,99.0
2359,32323464,5724697,99.0
2360,32323464,5724697,99.0
2361,32323464,5724697,99.0
2362,32323464,5724696,97.0
2363,32323462,5724696,97.0
2364,32323463,5724697,97.0
2365,32323463,5724697,99.0
2366,32323463,5724697,99.0
2367,32323463,5724697,99.0
2368,32323463,5724697,99.0
2369,32323463,5724697,99.0
2370,32323463,5724697,99.0
2371,32323463,5724697,99.0
2372,32323463,5724697,99.0
2373,32323462,5724697,100.0
2374,32323461,5724696,98.0
2375,32323460,5724696,97.0
2376,32323460,5724696,98.0
2377,32323460,5724696,98.0
2378,32323460,5724696,98.0
2379,32323460,5724696,98.0
2380,32323460,5724696,98.0
2381,32323460,5724696,98.0
2382,32323460,5724696,98.0
2383,32323460,5724696,98.0
2384,32323460,5724696,98.0
2385,32323460,5724696,98.0
2386,32323460,5724696,86.0
2387,32323460,5724696,92.0
2388,32323460,5724696,95.0
2389,32323460,5724696,96.0
2390,32323460,5724696,97.0
2391,32323460,5724696,97.0
2392,32323460,5724696,97.0
2393,32323460,5724696,87.0
2394,32323460,5724696,91.0
2395,32323460,5724696,87.0
2396,32323461,5724696,92.0
2397,32323461,5724696,94.0
2398,32323461,5724696,96.0
2399,32323462,5724698,98.0
2400,32323464,5724699,99.0
2401,32323468,5724701,99.0
2402,32323471,5724702,98.0
2403,32323473,5724701,98.0
2404,32323473,5724701,98.0
2405,32323476,5724702,101.0
2406,32323479,5724705,103.0
2407,32323482,5724707,103.0
2408,32323485,5724708,102.0
2409,32323488,5724709,102.0
2410,32323492,5724710,99.0
2411,32323495,5724712,101.0
2412,32323498,5724712,100.0
2413,32323502,5724712,105.0
2414,32323506,5724713,105.0
2415,32323510,5724714,103.0
2416,32323514,5724716,103.0
2417,32323517,5724716,102.0
2418,32323521,5724717,101.0
2419,32323523,5724719,103.0
2420,32323526,5724720,102.0
2421,32323528,5724721,99.0
2422,32323531,5724721,97.0
2423,32323534,5724724,97.0
2424,32323536,5724726,99.0
2425,32323539,5724730,99.0
2426,32323542,5724732,99.0
2427,32323544,5724734,100.0
2428,32323546,5724738,101.0
2429,32323549,5724742,101.0
2430,32323552,5724746,103.0
2431,32323555,5724749,105.0
2432,32323557,5724753,102.0
2433,32323560,5724755,101.0
2434,32323560,5724757,101.0
2435,32323560,5724759,101.0
2436,32323561,5724759,102.0
2437,32323561,5724759,102.0
2438,32323561,5724758,101.0
2439,32323561,5724759,101.0
2440,32323562,5724761,100.0
2441,32323564,5724763,99.0
2442,32323564,5724763,98.0
2443,32323565,5724766,99.0
2444,32323568,5724769,99.0
2445,32323572,5724773,99.0
2446,32323577,5724779,101.0
2447,32323582,5724783,99.0
2448,32323585,5724788,99.0
2449,32323588,5724791,100.0
2450,32323591,5724795,99.0
2451,32323594,5724800,99.0
2452,32323598,5724804,98.0
2453,32323602,5724808,95.0
2454,32323603,5724811,93.0
2455,32323603,5724811,93.0
2456,32323602,5724811,94.0
2457,32323603,5724813,95.0
2458,32323604,5724817,96.0
2459,32323604,5724821,96.0
2460,32323601,5724825,92.0
2461,32323594,5724832,92.0
2462,32323587,5724837,92.0
2463,32323574,5724847,92.0
2464,32323561,5724857,90.0
2465,32323544,5724870,90.0
2466,32323527,5724880,88.0
2467,32323521,5724884,88.0
2468,32323517,5724890,86.0
2469,32323514,5724892,84.0
2470,32323511,5724893,81.0
2471,32323509,5724895,82.0
2472,32323508,5724898,82.0
2473,32323508,5724902,82.0
2474,32323507,5724903,84.0
2475,32323508,5724903,84.0
2476,32323507,5724904,85.0
2477,32323503,5724908,84.0
2478,32323499,5724913,84.0
2479,32323496,5724916,82.0
2480,32323493,5724919,80.0
2481,32323492,5724917,81.0
2482,32323493,5724917,79.0
2483,32323489,5724927,78.0
2484,32323485,5724938,81.0
2485,32323483,5724945,84.0
2486,32323482,5724948,84.0
2487,32323483,5724948,84.0
2488,32323483,5724949,86.0
2489,32323483,5724950,87.0
2490,32323483,5724951,87.0
2491,32323476,5724961,0.0
2492,32323478,5724956,86.0
2493,32323475,5724964,86.0
2494,32323472,5724970,84.0
2495,32323468,5724978,84.0
2496,32323464,5724985,83.0
2497,32323458,5724993,84.0
2498,32323453,5725002,85.0
2499,32323448,5725012,85.0
2500,32323442,5725023,85.0
2501,32323438,5725031,85.0
2502,32323434,5725039,84.0
2503,32323432,5725048,80.0
2504,32323431,5725056,81.0
2505,32323430,5725062,83.0
2506,32323424,5725069,82.0
2507,32323417,5725078,83.0
2508,32323409,5725092,80.0
2509,32323399,5725104,79.0
2510,32323393,5725109,78.0
2511,32323391,5725112,80.0
2512,32323387,5725115,83.0
2513,32323383,5725178,0.0
2514,32323385,5725120,83.0
2515,32323383,5725122,81.0
2516,32323384,5725123,80.0
2517,32323381,5725125,78.0
2518,32323379,5725129,80.0
2519,32323377,5725132,80.0
2520,32323375,5725135,81.0
2521,32323374,5725139,82.0
2522,32323373,5725142,83.0
2523,32323370,5725147,83.0
2524,32323367,5725154,79.0
2525,32323364,5725161,79.0
2526,32323360,5725167,81.0
2527,32323358,5725169,81.0
2528,32323358,5725171,80.0
2529,32323356,5725173,80.0
2530,32323349,5725190,0.0
2531,32323349,5725182,80.0
2532,32323344,5725191,79.0
2533,32323341,5725198,78.0
2534,32323338,5725199,80.0
2535,32323337,5725199,81.0
2536,32323338,5725199,82.0
2537,32323324,5725212,0.0
2538,32323338,5725200,83.0
2539,32323337,5725202,84.0
2540,32323334,5725206,83.0
2541,32323333,5725212,79.0
2542,32323339,5725219,79.0
2543,32323346,5725226,79.0
2544,32323363,5725246,0.0
2545,32323357,5725234,77.0
2546,32323363,5725237,78.0
2547,32323370,5725241,78.0
2548,32323376,5725245,79.0
2549,32323382,5725251,79.0
2550,32323388,5725255,76.0
2551,32323393,5725260,75.0
2552,32323398,5725263,75.0
2553,32323399,5725273,73.0
2554,32323396,5725283,74.0
2555,32323392,5725292,73.0
2556,32323387,5725300,74.0
2557,32323381,5725305,75.0
2558,32323377,5725325,0.0
2559,32323373,5725318,75.0
2560,32323368,5725325,75.0
2561,32323364,5725333,76.0
2562,32323358,5725340,76.0
2563,32323352,5725346,78.0
2564,32323347,5725352,75.0
2565,32323343,5725358,76.0
2566,32323338,5725365,78.0
2567,32323335,5725372,80.0
2568,32323330,5725382,78.0
2569,32323325,5725391,76.0
2570,32323319,5725399,77.0
2571,32323313,5725406,79.0
2572,32323308,5725413,79.0
2573,32323305,5725419,79.0
2574,32323303,5725425,78.0
2575,32323307,5725433,78.0
2576,32323313,5725439,75.0
2577,32323320,5725445,76.0
2578,32323325,5725450,72.0
2579,32323330,5725453,74.0
2580,32323336,5725459,77.0
2581,32323341,5725465,78.0
2582,32323347,5725471,78.0
2583,32323352,5725475,77.0
2584,32323359,5725481,78.0
2585,32323365,5725487,79.0
2586,32323364,5725494,0.0
2587,32323375,5725496,77.0
2588,32323382,5725501,75.0
2589,32323390,5725507,77.0
2590,32323397,5725512,75.0
2591,32323404,5725517,75.0
2592,32323408,5725521,74.0
2593,32323425,5725523,0.0
2594,32323419,5725524,75.0
2595,32323426,5725529,73.0
2596,32323433,5725535,74.0
2597,32323439,5725540,74.0
2598,32323443,5725541,74.0
2599,32323447,5725542,74.0
2600,32323452,5725545,74.0
2601,32323455,5725547,73.0
2602,32323457,5725548,73.0
2603,32323459,5725548,74.0
2604,32323463,5725548,73.0
2605,32323467,5725549,77.0
2606,32323474,5725554,79.0
2607,32323486,5725563,0.0
2608,32323487,5725562,83.0
2609,32323494,5725565,83.0
2610,32323500,5725563,82.0
2611,32323507,5725567,81.0
2612,32323513,5725573,79.0
2613,32323520,5725578,79.0
2614,32323528,5725581,79.0
2615,32323536,5725585,77.0
2616,32323543,5725588,77.0
2617,32323550,5725591,77.0
2618,32323556,5725596,77.0
2619,32323561,5725603,76.0
2620,32323562,5725608,75.0
2621,32323561,5725616,77.0
2622,32323558,5725623,78.0
2623,32323554,5725628,76.0
2624,32323550,5725634,77.0
2625,32323545,5725640,76.0
2626,32323541,5725645,76.0
2627,32323537,5725651,74.0
2628,32323532,5725657,74.0
2629,32323527,5725665,72.0
2630,32323523,5725671,72.0
2631,32323519,5725676,71.0
2632,32323516,5725683,71.0
2633,32323512,5725688,72.0
2634,32323509,5725694,72.0
2635,32323507,5725697,71.0
2636,32323506,5725699,69.0
2637,32323507,5725704,70.0
2638,32323510,5725708,68.0
2639,32323514,5725712,70.0
2640,32323514,5725716,71.0
2641,32323513,5725719,72.0
2642,32323512,5725721,71.0
2643,32323512,5725722,69.0
2644,32323512,5725722,69.0
2645,32323511,5725721,69.0
2646,32323510,5725721,70.0
2647,32323506,5725720,0.0
2648,32323507,5725722,68.0
2649,32323505,5725723,68.0
2650,32323504,5725725,67.0
2651,32323502,5725731,67.0
2652,32323502,5725734,67.0
2653,32323502,5725736,68.0
2654,32323501,5725737,68.0
2655,32323501,5725736,67.0
2656,32323501,5725736,67.0
2657,32323501,5725736,67.0
2658,32323507,5725723,0.0
2659,32323501,5725736,67.0
2660,32323501,5725736,67.0
2661,32323501,5725736,67.0
2662,32323501,5725736,67.0
2663,32323501,5725736,67.0
2664,32323501,5725737,67.0
2665,32323508,5725743,0.0
2666,32323502,5725738,68.0
2667,32323501,5725741,68.0
2668,32323499,5725743,68.0
2669,32323499,5725746,69.0
2670,32323498,5725747,69.0
2671,32323496,5725750,71.0
2672,32323508,5725730,0.0
2673,32323495,5725754,71.0
2674,32323493,5725755,71.0
2675,32323493,5725754,70.0
2676,32323494,5725754,70.0
2677,32323495,5725754,69.0
2678,32323493,5725753,67.0
2679,32323492,5725752,67.0
2680,32323486,5725751,67.0
2681,32323484,5725749,67.0
2682,32323481,5725748,67.0
2683,32323478,5725747,68.0
2684,32323478,5725748,67.0
2685,32323478,5725749,66.0
2686,32323510,5725752,0.0
2687,32323478,5725749,66.0
2688,32323478,5725749,67.0
2689,32323478,5725750,67.0
2690,32323478,5725750,67.0
2691,32323478,5725750,67.0
2692,32323478,5725749,64.0
2693,32323519,5725755,0.0
2694,32323481,5725743,67.0
2695,32323480,5725743,66.0
2696,32323481,5725745,65.0
2697,32323481,5725745,65.0
2698,32323481,5725745,65.0
2699,32323481,5725744,65.0
2700,32323482,5725743,67.0
2701,32323482,5725742,64.0
2702,32323484,5725739,64.0
2703,32323487,5725736,62.0
2704,32323488,5725733,64.0
2705,32323490,5725730,61.0
2706,32323492,5725727,62.0
2707,32323516,5725747,0.0
2708,32323496,5725722,64.0
2709,32323499,5725718,64.0
2710,32323501,5725714,65.0
2711,32323501,5725713,66.0
2712,32323500,5725713,66.0
2713,32323501,5725712,66.0
2714,32323502,5725711,70.0
2715,32323503,5725712,68.0
2716,32323505,5725714,68.0
2717,32323505,5725718,69.0
2718,32323505,5725720,69.0
2719,32323505,5725720,69.0
2720,32323506,5725720,69.0
2721,32323510,5725711,0.0
2722,32323508,5725718,70.0
2723,32323508,5725716,68.0
2724,32323509,5725717,69.0
2725,32323509,5725718,71.0
2726,32323510,5725719,71.0
2727,32323510,5725719,72.0
2728,32323514,5725713,0.0
2729,32323507,5725716,70.0
2730,32323505,5725716,69.0
2731,32323505,5725715,68.0
2732,32323504,5725715,67.0
2733,32323504,5725714,67.0
2734,32323504,5725714,67.0
2735,32323504,5725714,67.0
2736,32323503,5725714,67.0
2737,32323501,5725716,67.0
2738,32323499,5725718,67.0
2739,32323499,5725720,66.0
2740,32323498,5725720,67.0
2741,32323498,5725720,67.0
2742,32323494,5725702,0.0
2743,32323498,5725721,67.0
2744,32323498,5725721,67.0
2745,32323498,5725721,67.0
2746,32323498,5725721,67.0
2747,32323498,5725721,67.0
2748,32323498,5725721,68.0
2749,32323497,5725721,68.0
2750,32323497,5725721,68.0
2751,32323497,5725721,68.0
2752,32323497,5725721,68.0
2753,32323497,5725721,68.0
2754,32323497,5725721,68.0
2755,32323497,5725721,84.0
2756,32323496,5725723,74.0
2757,32323493,5725724,68.0
2758,32323492,5725729,68.0
2759,32323494,5725732,68.0
2760,32323495,5725733,70.0
2761,32323495,5725734,71.0
2762,32323495,5725735,71.0
2763,32323495,5725736,71.0
2764,32323494,5725736,70.0
2765,32323495,5725736,71.0
2766,32323505,5725748,0.0
2767,32323496,5725734,69.0
2768,32323497,5725737,70.0
2769,32323498,5725738,70.0
2770,32323499,5725739,70.0
2771,32323499,5725739,70.0
2772,32323500,5725739,71.0
2773,32323506,5725745,0.0
2774,32323503,5725733,68.0
2775,32323504,5725731,68.0
2776,32323505,5725729,68.0
2777,32323504,5725728,68.0
2778,32323504,5725727,68.0
2779,32323505,5725727,71.0
2780,32323507,5725727,75.0
2781,32323509,5725726,74.0
2782,32323512,5725724,75.0
2783,32323512,5725723,71.0
2784,32323512,5725722,71.0
2785,32323512,5725721,70.0
2786,32323512,5725721,69.0
2787,32323507,5725733,0.0
2788,32323510,5725722,69.0
2789,32323509,5725723,70.0
2790,32323509,5725723,71.0
2791,32323509,5725724,70.0
2792,32323510,5725725,70.0
2793,32323509,5725727,71.0
2794,32323507,5725743,0.0
2795,32323502,5725729,63.0
2796,32323501,5725730,63.0
2797,32323501,5725731,65.0
2798,32323501,5725732,65.0
2799,32323502,5725731,67.0
2800,32323503,5725730,66.0
2801,32323504,5725730,66.0
2802,32323504,5725729,68.0
2803,32323505,5725729,69.0
2804,32323505,5725729,69.0
2805,32323504,5725729,67.0
2806,32323504,5725728,67.0
2807,32323504,5725729,68.0
2808,32323507,5725728,0.0
2809,32323503,5725730,69.0
2810,32323504,5725731,70.0
2811,32323504,5725732,70.0
2812,32323504,5725733,69.0
2813,32323502,5725734,70.0
2814,32323500,5725737,67.0
2815,32323506,5725723,0.0
2816,32323498,5725739,69.0
2817,32323498,5725739,69.0
2818,32323498,5725738,70.0
2819,32323497,5725738,71.0
2820,32323496,5725737,70.0
2821,32323495,5725734,67.0
2822,32323497,5725730,66.0
2823,32323497,5725727,66.0
2824,32323498,5725726,64.0
2825,32323498,5725725,65.0
2826,32323498,5725725,64.0
2827,32323498,5725725,65.0
2828,32323497,5725724,65.0
2829,32323497,5725724,66.0
2830,32323497,5725724,66.0
2831,32323498,5725724,67.0
2832,32323497,5725724,66.0
2833,32323495,5725723,66.0
2834,32323494,5725724,64.0
2835,32323495,5725727,63.0
2836,32323505,5725720,0.0
2837,32323490,5725734,66.0
2838,32323487,5725736,67.0
2839,32323485,5725736,67.0
2840,32323485,5725736,67.0
2841,32323484,5725735,66.0
2842,32323484,5725735,66.0
2843,32323483,5725735,66.0
2844,32323483,5725735,66.0
2845,32323483,5725735,66.0
2846,32323483,5725735,66.0
2847,32323483,5725735,66.0
2848,32323483,5725735,66.0
2849,32323484,5725734,67.0
2850,32323502,5725746,0.0
2851,32323487,5725732,68.0
2852,32323488,5725730,67.0
2853,32323489,5725733,67.0
2854,32323489,5725732,68.0
2855,32323490,5725733,68.0
2856,32323490,5725733,67.0
2857,32323504,5725740,0.0
2858,32323490,5725732,67.0
2859,32323490,5725733,67.0
2860,32323492,5725733,66.0
2861,32323493,5725732,67.0
2862,32323495,5725732,67.0
2863,32323496,5725735,70.0
2864,32323503,5725725,0.0
2865,32323496,5725734,72.0
2866,32323496,5725733,71.0
2867,32323496,5725732,71.0
2868,32323496,5725732,70.0
